,Total Households,Less than $10k,$200k+,district number,State,% of households over $200k,% of households less than $10k,Party
0,289474,14153,19390,10,Michigan,6.698356329065823,4.8892128481314385,R
1,299804,23793,10899,4,Mississippi,3.6353751117396698,7.936184974183133,R
2,278057,27728,19574,14,Michigan,7.039563830437644,9.972056089219118,D
3,306685,19036,12208,1,Michigan,3.9806315926765246,6.2070202324861015,R
4,285554,26481,12412,3,Mississippi,4.346638464178404,9.273552462931704,R
5,283677,18570,17797,4,Nevada,6.273684507379873,6.546177518797788,D
6,343373,20441,38494,3,Nevada,11.210549460790453,5.953001546423278,D
7,262930,9151,29470,2,New Hampshire,11.20830639333663,3.4803940212223785,D
8,285096,8084,32668,1,New Hampshire,11.45859640261526,2.835536100120661,D
9,263104,12087,15711,1,Nebraska,5.971402943322793,4.5940008513743615,R
10,271782,23084,16799,3,New Mexico,6.181056876467169,8.49357205407275,D
11,308009,24164,30709,1,Ohio,9.970163209516604,7.845225301858062,R
12,333919,23520,20966,5,Oklahoma,6.2787682042651065,7.043624352013512,D
13,289178,19460,33817,9,North Carolina,11.69418143842201,6.729419250427073,R
14,314682,18235,16908,10,North Carolina,5.373043262722367,5.794738815693303,R
15,305027,30603,30808,8,New York,10.100089500273747,10.03288233500641,D
16,299573,25957,34095,9,New York,11.38119924025196,8.664666041332163,D
17,316752,22546,78661,10,New York,24.833623781381018,7.117871394655756,D
18,268455,19149,31124,11,New York,11.593749417965768,7.133039056825166,D
19,297240,40571,17943,13,New York,6.036536132418248,13.649239671645809,D
20,284253,20517,51951,16,New York,18.27632426042997,7.217865774503699,D
21,258942,10689,63437,17,New York,24.498536351769893,4.127951433139468,D
22,335449,41413,27360,3,Pennsylvania,8.156232393001618,12.345542839597078,D
23,220794,14673,21154,1,Rhode Island,9.580876291928222,6.64556102067991,D
24,325468,15085,29661,5,Oregon,9.113338331264517,4.63486425700837,D
25,314476,18247,28446,20,New York,9.045523346773681,5.8023505768325725,D
26,293063,12956,39369,3,New Jersey,13.433630311571232,4.420892436097358,D
27,275729,9737,64915,5,New Jersey,23.543044075886105,3.531365942646584,D
28,286558,7946,81477,7,New Jersey,28.43298738824252,2.7729115920686214,D
29,283783,17923,36065,9,New Jersey,12.708654147711455,6.3157412529996515,D
30,290002,15161,30468,1,New Jersey,10.506134440452135,5.227894980034621,D
31,309474,21918,24953,2,Ohio,8.06303599009933,7.082339711898253,R
32,284441,16750,12465,4,Ohio,4.3822796291673844,5.888743183999494,R
33,273565,22649,9621,6,Ohio,3.5168972639043736,8.279202383345822,R
34,292024,15971,16907,8,Ohio,5.7895926362216805,5.469071035257376,R
35,304802,20645,17535,10,Ohio,5.752915007119376,6.773249519360109,R
36,318732,14577,38734,12,Ohio,12.152529397738538,4.573434735137984,R
37,303591,14183,24550,15,Ohio,8.086537479701308,4.671745868619293,R
38,286271,12485,49578,6,Pennsylvania,17.318554795980035,4.3612521002825995,D
39,349398,19624,38036,3,Oregon,10.886152754165737,5.616517553048386,D
40,289341,21779,13771,23,New York,4.759436097891415,7.527104696534539,R
41,343553,14195,45888,1,Oregon,13.356891076486015,4.13182245534168,D
42,342608,20428,21665,2,Oregon,6.32355344883949,5.962499416242469,R
43,300622,12945,22902,27,New York,7.618204921795478,4.30607207722655,R
44,285970,16480,13516,8,Pennsylvania,4.726369898940448,5.762842256180718,D
45,307667,14682,20361,10,Pennsylvania,6.6178693197515495,4.772042500495666,R
46,278024,13984,11267,13,Pennsylvania,4.052527839323224,5.029781601588352,R
47,270163,15420,8943,15,Pennsylvania,3.3102238278372687,5.7076653723863,R
48,312461,13046,35588,17,Pennsylvania,11.389581419761186,4.175241070085547,D
49,319491,16789,20480,2,Tennessee,6.410196218359829,5.254921108888826,R
50,279504,29850,9652,9,Tennessee,3.4532600606789168,10.679632491842693,D
51,348817,23202,31198,5,Tennessee,8.943944819203193,6.651625350828658,D
52,322047,18630,14769,6,Tennessee,4.585976581058044,5.784869910292597,R
53,312762,15464,30771,7,Tennessee,9.838471425556813,4.944334669812829,R
54,257478,31656,9172,6,South Carolina,3.562246094811984,12.294642649080698,D
55,279642,18726,11105,3,South Carolina,3.971148825998956,6.6964189928551505,R
56,267358,12789,25776,1,Utah,9.641005692741567,4.783473844059277,R
57,356887,17158,20292,0,South Dakota,5.685833330998327,4.807684224978775,R
58,334410,18661,45728,8,Texas,13.67423222989743,5.58027570945845,R
59,288665,25143,9156,9,Texas,3.1718427935496165,8.710096478617082,D
60,324687,13261,81900,8,Virginia,25.224292934426078,4.08424113068894,D
61,284060,26006,8057,9,Virginia,2.8363725973385905,9.155108075758642,R
62,300190,6631,93838,10,Virginia,31.25953562743596,2.2089343415836638,D
63,297988,11861,45205,1,Virginia,15.170073962709909,3.9803616253003478,R
64,373393,18604,94098,7,Washington,25.200793801704908,4.982417988553615,D
65,284410,10080,53806,8,Washington,18.91846278260258,3.5441791779473295,D
66,296031,15217,57319,9,Washington,19.362499197719156,5.1403400319561126,D
67,298959,10706,71479,1,Washington,23.909298599473505,3.581093059583421,D
68,301159,17383,17101,5,Washington,5.678395797568726,5.772034041818442,R
69,372831,19725,48193,21,Texas,12.926231992511353,5.290600835230976,R
70,285043,16412,20253,23,Texas,7.105243770238174,5.757727781422452,R
71,322257,14827,45578,25,Texas,14.143370043164307,4.600986169423783,R
72,284443,19082,15221,27,Texas,5.351159986359305,6.708549691853904,R
73,227558,16605,5531,29,Texas,2.430589124530889,7.29704075444502,D
74,286752,22523,11614,30,Texas,4.050189710969758,7.854522374734962,D
75,305599,17093,46374,32,Texas,15.174787875614776,5.593277464913171,D
76,236861,18353,6457,33,Texas,2.7260714089698177,7.748426292213577,D
77,317342,24389,13808,35,Texas,4.351141670500596,7.685399348337126,D
78,264420,18491,13794,1,Texas,5.216700703426367,6.993041373572347,R
79,296985,14460,12804,3,Wisconsin,4.311328854992676,4.868932774382545,D
80,324758,17028,33813,1,South Carolina,10.411752751279414,5.243288848927509,D
81,310413,11268,29305,5,Wisconsin,9.440648426451212,3.630002609426796,R
82,291574,12386,23004,1,Wisconsin,7.889592350483925,4.2479782147928145,R
83,242763,14659,14179,0,Wyoming,5.840675885534451,6.038399591371008,R
84,271311,14625,27700,0,Alaska,10.209685563799477,5.390492829262359,R
85,282851,12379,33043,2,Connecticut,11.682122389526642,4.376509186815674,D
86,267988,22053,10659,2,Alabama,3.977416899264146,8.229099810439273,R
87,265421,29736,8180,7,Alabama,3.081896308129349,11.203333571947962,D
88,278120,14613,71746,4,Connecticut,25.79677836904933,5.254206817201208,D
89,265042,19087,10066,4,Alabama,3.797888636517986,7.201500139600516,R
90,286232,14241,41239,5,Connecticut,14.407543531121608,4.975334693535314,D
91,312227,18511,24457,5,Alabama,7.833082981292457,5.9286993117187174,R
92,291567,16156,31953,1,Connecticut,10.95905915278478,5.54109347079745,D
93,283340,14339,26705,6,Alabama,9.425072351238795,5.060704454012847,R
94,289543,17184,30214,3,Connecticut,10.435064912638191,5.934869777545995,D
95,287768,22411,12033,1,Alabama,4.181493425259236,7.787870784798866,R
96,285773,26313,9731,3,Alabama,3.405150241625346,9.207657826316693,R
97,267232,21896,7245,4,Arkansas,2.711127409891031,8.193629505448449,R
98,323384,18617,22106,3,Arkansas,6.8358360339410735,5.756932934220617,R
99,321286,20104,19549,2,Arizona,6.084609973668321,6.257353261580025,D
100,303443,11957,49244,4,California,16.22841851682194,3.940443509983753,R
101,269118,13751,36997,5,California,13.747501096173426,5.109654500999562,D
102,294556,18836,24112,6,California,8.185879764798544,6.394709325221689,D
103,246866,14106,14245,8,California,5.770336943929095,5.714031093791774,R
104,250217,12288,29533,9,California,11.802955035029594,4.910937306418029,D
105,395656,20504,33025,0,Delaware,8.34689730472936,5.18227955597792,D
106,276718,12712,66864,11,California,24.16322754573248,4.59384644294914,D
107,295012,16375,62158,13,California,21.069651404010685,5.550621669626998,D
108,262352,19475,9024,3,Arizona,3.439653595169848,7.423232908458864,D
109,222784,21087,10310,16,California,4.62780091927607,9.465221918988796,D
110,340629,16492,52681,6,Arizona,15.465800034641795,4.841631217541665,R
111,294566,17176,15326,2,Florida,5.202908685999063,5.830951297841571,R
112,267617,6547,111988,18,California,41.84636999891636,2.4464066184136284,D
113,326386,11046,28536,8,Arizona,8.743022065897435,3.384336337955672,R
114,286435,23951,17394,1,Arizona,6.072581912126661,8.361757466790023,D
115,314782,13193,31147,7,Colorado,9.894784326931019,4.191154513282208,D
116,193493,13571,5792,21,California,2.993389941754999,7.01369041774121,D
117,335600,13655,43306,4,Colorado,12.904052443384982,4.068831942789035,R
118,325137,12686,28288,5,Colorado,8.700332475233518,3.9017398819574516,R
119,309933,12635,42946,6,Colorado,13.856543188366517,4.076687542146206,D
120,377896,21584,51810,1,Colorado,13.710121303215699,5.711624362258399,D
121,231829,12955,33979,25,California,14.656923853357432,5.5881705912547615,R
122,235156,7802,36545,26,California,15.540747418734798,3.317797547160183,D
123,298062,19183,45616,28,California,15.304198455354927,6.4359093074595215,D
124,289655,20644,18691,3,Florida,6.452849079076833,7.127099480416358,R
125,362781,16073,42551,4,Florida,11.729114810312558,4.430496635711352,R
126,236464,13495,18283,31,California,7.731832329656946,5.70699979700927,D
127,200358,7997,18837,32,California,9.40167100889408,3.991355473702073,D
128,293071,17291,84273,33,California,28.755148069921624,5.899935510507692,D
129,260864,25067,17126,34,California,6.565106722276742,9.609221663395486,D
130,329533,18074,23056,8,Florida,6.996567870289167,5.484731422953089,R
131,345376,20609,20377,9,Florida,5.899946724728991,5.967119892522931,D
132,272429,19928,39011,37,California,14.319694305672304,7.314933432197013,D
133,205188,9894,22990,38,California,11.204358929372088,4.821919410491842,D
134,237077,11681,42447,39,California,17.90430957030838,4.9270911982183,D
135,183319,11652,8364,40,California,4.562538525739285,6.356133297694184,D
136,204250,8063,14556,41,California,7.1265605875153,3.9476132190942472,D
137,327617,27961,33800,14,Florida,10.31692494589719,8.534660899770158,D
138,246946,16010,21816,43,California,8.834320053776938,6.483198756003337,D
139,199763,13269,11613,44,California,5.8133888658059805,6.642371209883712,D
140,364469,16171,34109,16,Florida,9.358546268681287,4.436865686793664,R
141,292032,15237,69881,45,California,23.929226934034627,5.217578895463511,D
142,332701,17130,31435,9,Arizona,9.448423659682417,5.148767211400026,D
143,340270,20477,16655,17,Florida,4.894642489787522,6.017868163517207,R
144,329847,16245,33139,18,Florida,10.04677926432558,4.925010686772958,R
145,195442,11030,18759,46,California,9.598243980311294,5.643618055484492,D
146,365873,21299,39906,19,Florida,10.907063379915982,5.821418907653749,R
147,250650,15906,28439,47,California,11.346100139636944,6.34590065828845,D
148,267141,19212,10925,20,Florida,4.089600622892031,7.191707749839972,D
149,277242,10927,59653,48,California,21.516581181783422,3.9413220219158713,D
150,315854,17370,34276,21,Florida,10.85184927213206,5.49937629411057,D
151,261145,9779,60209,49,California,23.055773612360948,3.7446629267265314,D
152,335695,21168,37864,22,Florida,11.279286256870076,6.305723945843697,D
153,255153,14782,31594,50,California,12.382374496870504,5.7933867130701975,R
154,294641,22462,36457,23,Florida,12.373362838165768,7.6235147179109495,D
155,263198,26219,12314,24,Florida,4.678606980296203,9.961701836640096,D
156,302301,14345,67087,52,California,22.192119774661677,4.745270442373661,D
157,282612,12367,34024,53,California,12.039120773357112,4.3759642194952795,D
158,273582,16833,19080,1,California,6.974143035726034,6.15281707129855,R
159,326702,11974,21390,2,Idaho,6.547251011625273,3.6651137734081822,R
160,367180,18981,23957,1,Idaho,6.524592842747427,5.169399204749714,R
161,253890,12962,35143,1,Hawaii,13.8418212611761,5.105360589231557,D
162,300863,21761,12523,2,Kentucky,4.162359612182289,7.232860139000143,R
163,298625,15880,26098,4,Kentucky,8.739388865634156,5.3177061532021765,R
164,250683,26533,8213,2,Georgia,3.2762492869480577,10.584283736830978,D
165,261388,11560,26991,3,Illinois,10.326028738886253,4.42254426369994,D
166,305215,38890,11669,2,Louisiana,3.823206592074439,12.741837720950805,D
167,315472,21579,26553,6,Louisiana,8.416911801998276,6.840226707917026,R
168,273019,15479,14477,2,Indiana,5.302561360198374,5.6695687845900835,R
169,332151,35699,46388,7,Illinois,13.965937179174531,10.747822526501501,D
170,299447,14905,12819,3,Indiana,4.280891109278103,4.977508540743437,R
171,259210,11251,20308,8,Illinois,7.834574283399561,4.340496122834767,D
172,286944,17701,11539,2,Maine,4.021342143414743,6.168799487007918,D
173,283162,16105,12414,4,Kansas,4.384062833289778,5.6875569462004085,R
174,304601,20597,48724,9,Illinois,15.996007892291884,6.761960728953615,D
175,326875,13618,41515,5,Indiana,12.70057361376673,4.166118546845125,R
176,312182,17104,14549,4,Iowa,4.660422445880928,5.478855283136119,R
177,258705,11892,44806,10,Illinois,17.31934056164357,4.596741462283296,D
178,289481,14724,11597,6,Indiana,4.006135117676117,5.086344181483414,R
179,286978,19573,12802,2,Kansas,4.46096913352243,6.820383444027068,R
180,271766,18864,10519,12,Illinois,3.8706092741549716,6.94126564765276,R
181,264605,13283,17333,4,Georgia,6.55051869768145,5.019935375370836,D
182,293935,17331,12091,8,Indiana,4.1134944800721245,5.896201541157058,R
183,344324,26686,38070,5,Georgia,11.056446834957772,7.7502584774805126,D
184,283879,16999,15836,1,Indiana,5.57843306479169,5.988114654483072,D
185,272781,15313,10803,15,Illinois,3.960319816996052,5.613660775493894,R
186,300397,16813,15347,4,Indiana,5.108905881217189,5.596926733622507,R
187,265796,25979,11548,8,Georgia,4.344685397823895,9.774037231561048,R
188,292749,14885,19833,9,Georgia,6.774745601180533,5.084560493801858,R
189,295835,14514,20173,18,Illinois,6.819003836598104,4.9061132049960285,R
190,352077,15205,28353,3,Iowa,8.05306793684336,4.318657566384626,D
191,261285,23781,13439,12,Georgia,5.143425761142048,9.101555772432402,R
192,291047,16636,20661,13,Georgia,7.098853449786461,5.715915298903614,D
193,264202,13474,12409,14,Georgia,4.696785035692387,5.09988569352238,R
194,299526,16295,36446,2,Massachusetts,12.167891935925429,5.440262281070758,D
195,299843,15509,43887,3,Massachusetts,14.636659851989208,5.172373542153727,D
196,281733,24565,8879,1,Kentucky,3.1515654893108014,8.719248366361057,R
197,326682,16292,44558,9,Massachusetts,13.639563857206703,4.987112849805009,D
198,306305,12882,79435,5,Massachusetts,25.933301774375213,4.205612053345521,D
199,304882,13169,60012,6,Massachusetts,19.683680899495542,4.31937602088677,D
200,312412,29565,47030,7,Massachusetts,15.053839161107767,9.46346491171914,D
201,320679,16257,66091,8,Massachusetts,20.60970627948821,5.0695555368452565,D
202,297314,18671,24623,1,Massachusetts,8.281816530671277,6.279892638759023,D
203,291375,10366,70222,4,Massachusetts,24.1002145002145,3.5576147576147577,D
204,279831,7631,36488,2,Minnesota,13.03929871958432,2.727003084004274,D
205,291538,7724,52740,3,Minnesota,18.090266105962172,2.6493973341382597,D
206,280586,14866,14582,8,Minnesota,5.196980604876936,5.298197344129785,R
207,315240,17491,30291,5,Minnesota,9.608869432813094,5.548471006217485,D
208,274177,8100,25924,6,Minnesota,9.455205943605772,2.954295947508361,R
209,276251,14470,14083,7,Minnesota,5.097900098099192,5.23799008872366,D
210,277369,12639,19809,1,Minnesota,7.141749799004215,4.556745706982396,R
211,286041,13730,32986,4,Minnesota,11.531913257190403,4.800011187207429,D
212,303646,12640,52670,3,Maryland,17.345856688380547,4.162742140518894,D
213,282435,11946,52139,5,Maryland,18.46053074158656,4.229645759201232,D
214,290076,25524,35783,7,Maryland,12.335732704532605,8.799073346295454,D
215,286811,14158,32278,1,Maryland,11.25410113280174,4.936351813563636,R
216,309482,10591,49075,2,Missouri,15.85714193394123,3.4221699484945813,R
217,278880,20512,9070,8,Missouri,3.252294893861159,7.355134825014343,R
218,333920,19884,15619,5,Missouri,4.677467656923814,5.954719693339722,D
219,289969,14688,21742,3,Michigan,7.4980428942404185,5.065369056692267,L
220,283353,16714,12068,4,Michigan,4.258998493045777,5.898649387866019,R
221,315261,31507,14034,1,Missouri,4.451549668370017,9.993941527813462,D
222,301330,16836,13514,4,Missouri,4.484784123718183,5.587229947233929,R
223,279665,12852,18091,7,Michigan,6.468810898753866,4.595498185328876,R
224,309101,17483,23249,9,Michigan,7.521489739599677,5.656080051504201,D
225,306144,10653,48492,11,Michigan,15.839604891815616,3.4797350266541236,D
226,293657,19741,22357,12,Michigan,7.6133039566569165,6.722468730525749,D
227,264634,33388,5423,13,Michigan,2.049245372854584,12.616670571430731,D
228,448949,23195,30784,0,Montana,6.8569035681113,5.166511118189371,R
229,295565,23757,10341,1,Mississippi,3.498722785174158,8.037825858948116,R
230,248688,31102,6409,2,Mississippi,2.5771247506916297,12.506433764395547,D
231,260719,29104,8437,1,Nevada,3.2360510741449606,11.162976231114724,D
232,303611,17845,25153,2,Nevada,8.284614193820381,5.877586780452619,R
233,280714,15858,28488,2,Nebraska,10.148407275732596,5.649166055130845,R
234,242164,12861,8862,3,Nebraska,3.659503476982541,5.310863712195041,R
235,267215,28334,10032,2,New Mexico,3.754280261212881,10.603446662799618,D
236,295010,23665,21627,1,New Mexico,7.330937934307312,8.021761974170367,D
237,296210,14741,29168,2,New Jersey,9.847067958542926,4.976536916376895,R
238,295511,13417,52029,4,New Jersey,17.60645119809415,4.540270920541029,R
239,287497,11940,54801,12,New Jersey,19.061416293039578,4.153086814818937,D
240,323028,22704,43720,8,New Jersey,13.534430451849376,7.028492886065604,D
241,306975,25849,26272,10,New Jersey,8.558351657301083,8.420555419822461,D
242,285434,8102,80119,11,New Jersey,28.069185871339783,2.838484553346833,D
243,274155,11261,45967,6,New Jersey,16.766792507887875,4.107530411628458,D
244,328314,23182,10553,3,Ohio,3.2143009436088623,7.060923384321107,D
245,299702,15072,18277,5,Ohio,6.098391068461338,5.028995468832374,R
246,291104,13415,15326,7,Ohio,5.264785093987029,4.608318676486754,R
247,315896,27062,12250,9,Ohio,3.877858535720617,8.56674348519766,D
248,303334,41929,16238,11,Ohio,5.353175047966928,13.82271687314973,D
249,302253,26387,8924,13,Ohio,2.9524934409253176,8.730103588715414,D
250,295867,10586,31294,14,Ohio,10.57704982306239,3.577959015368392,R
251,301814,9438,23978,16,Ohio,7.944628148462298,3.1270915199427463,R
252,322511,18213,19407,0,North Dakota,6.017469171594147,5.647249241111156,R
253,295295,18105,11910,3,Oklahoma,4.033254880712508,6.131156978614606,R
254,308728,17995,14482,4,Oklahoma,4.690860563343785,5.828755409292322,R
255,331149,24008,21883,1,Oklahoma,6.608203557915017,7.249908651392576,R
256,278876,22289,7987,2,Oklahoma,2.8639969018488505,7.992441084926634,R
257,343182,16369,38513,2,North Carolina,11.22232518022507,4.7697723074054,R
258,305348,19953,15447,3,North Carolina,5.05881813537341,6.534511442681793,R
259,354358,20125,49343,4,North Carolina,13.924618606042477,5.67928479108698,D
260,310913,22507,15604,5,North Carolina,5.018767307896421,7.239002550552727,R
261,316388,20551,18551,13,North Carolina,5.863370292172902,6.495505518540527,R
262,230678,7523,51930,2,New York,22.511899704349787,3.261255949852175,R
263,331215,21934,18947,7,North Carolina,5.72045348187733,6.62228461875217,R
264,258440,10974,78438,3,New York,30.350564928029716,4.246246711035443,D
265,243792,7509,59881,4,New York,24.56233182384984,3.0800846623351053,D
266,304934,17556,17484,8,North Carolina,5.733699751421619,5.7573114182085305,R
267,243283,18579,24186,5,New York,9.941508449007946,7.6367851432282565,D
268,280033,21103,29214,6,New York,10.432341902561484,7.535897554931026,D
269,256140,23581,38026,7,New York,14.845787459982821,9.206293433278676,D
270,318745,19450,14519,11,North Carolina,4.555051843950493,6.102056502847104,R
271,372786,19567,34910,12,North Carolina,9.364622061987307,5.248855911970943,D
272,301189,29583,15579,1,North Carolina,5.172499659682127,9.822071855213835,D
273,316714,20365,19314,6,North Carolina,6.0982463673850855,6.430091502112316,R
274,359401,24043,101252,12,New York,28.172431351053557,6.689742098658601,D
275,255208,18711,14623,14,New York,5.729836055296072,7.331666718911633,D
276,266512,44929,7328,15,New York,2.7495947649636787,16.858152728582578,D
277,276862,27856,13151,2,Pennsylvania,4.750019865492556,10.06133019338154,D
278,219376,11062,24170,2,Rhode Island,11.017613594923784,5.042484136824448,D
279,270563,13066,44298,18,New York,16.372526916097176,4.8291895048472995,D
280,295800,11471,54466,4,Pennsylvania,18.4131169709263,3.8779580797836375,D
281,280501,16071,28246,19,New York,10.069839323210969,5.72939133906831,D
282,280455,18250,37930,5,Pennsylvania,13.524451338004315,6.507282808293666,D
283,295835,13981,12575,21,New York,4.250680277857589,4.725945205942502,R
284,285277,15830,15063,22,New York,5.280131240864143,5.5489927333784355,D
285,292311,11601,25320,7,Pennsylvania,8.662007245707482,3.968718248714554,D
286,341572,21417,17902,4,Oregon,5.241061913740002,6.270127528017519,D
287,298216,20090,18782,24,New York,6.298119483864045,6.73672774096628,R
288,307754,18622,22194,25,New York,7.2116040733832865,6.050936787174171,D
289,325256,26852,16519,26,New York,5.078768723713014,8.2556509334186,D
290,261096,10539,52194,1,New York,19.990348377608235,4.036446364555566,R
291,280673,15776,17538,9,Pennsylvania,6.248552586105539,5.620775778218781,R
292,287622,10871,22344,11,Pennsylvania,7.768529528339279,3.7796135205234647,R
293,264141,13350,12918,12,Pennsylvania,4.890569809306393,5.054118822901405,R
294,295696,17768,17854,14,Pennsylvania,6.037957902710892,6.008873978680807,R
295,284089,17308,15382,16,Pennsylvania,5.41450038544259,6.092456941310646,R
296,313609,26360,22543,18,Pennsylvania,7.188250337203333,8.405371019326614,D
297,281693,10328,47944,1,Pennsylvania,17.019947247535438,3.666402786011722,R
298,301705,20994,16739,3,Tennessee,5.548134767405247,6.95845279329146,R
299,290550,18282,17714,2,South Carolina,6.096713130270177,6.292204439855446,R
300,293743,23153,12156,7,South Carolina,4.138311381037165,7.882060168242307,R
301,307927,17764,22189,4,South Carolina,7.205928677900931,5.768899771699137,R
302,295874,18059,16171,5,South Carolina,5.465502207020556,6.103611672536283,R
303,275216,16913,24152,8,Tennessee,8.77565257833847,6.14535492122551,R
304,295711,23081,12707,1,Tennessee,4.297100885662014,7.805255807190128,R
305,315142,16653,15430,4,Tennessee,4.896205520051279,5.284284544744908,R
306,290065,9950,26925,4,Utah,9.282402220192026,3.4302656301173875,D
307,252895,11134,33459,3,Utah,13.230392059945828,4.402617687182428,R
308,291181,13739,21971,2,Utah,7.54547858548463,4.718371047561482,R
309,309825,15558,41044,2,Texas,13.247478415234406,5.02154442023723,R
310,306067,15401,32700,2,Washington,10.683935216798936,5.031904779018973,D
311,270163,10992,23553,0,Vermont,8.718070202063199,4.0686548491096115,D
312,301455,16239,26591,3,Washington,8.82088537260951,5.386873662735732,R
313,259928,13115,17996,4,Washington,6.923455726201102,5.045628020067095,R
314,299904,12403,22132,10,Washington,7.379694835680751,4.135656743491251,D
315,354540,11851,68188,3,Texas,19.232808709877588,3.342641168838495,R
316,300949,16407,29467,6,Washington,9.791359997873395,5.451754283948443,D
317,295313,12243,26850,2,Virginia,9.092048098119623,4.145770758483372,D
318,298432,17711,21738,4,Texas,7.284071413253271,5.934685288440918,R
319,280044,15775,15315,5,Texas,5.468783476882204,5.633043378897602,R
320,316733,21022,18379,3,Virginia,5.802679228245872,6.637136010456757,D
321,294641,11316,22611,6,Texas,7.674084733624988,3.84060602563798,R
322,309476,23453,21181,4,Virginia,6.844149465548217,7.5782936318163605,D
323,321136,15930,47616,7,Texas,14.827362861840466,4.960515171142444,D
324,289494,8776,67931,11,Virginia,23.465425881019986,3.03149633498449,D
325,302795,18039,15985,6,Virginia,5.279149259399924,5.957495995640615,R
326,314081,9477,42207,7,Virginia,13.438253189463865,3.017374498934988,D
327,363804,15893,49427,10,Texas,13.586161779419687,4.368561093335972,R
328,306078,22560,17689,11,Texas,5.779245813158737,7.370670221316135,R
329,333132,14372,33730,12,Texas,10.125115569804162,4.314205780291296,R
330,266619,16613,12595,13,Texas,4.7239694095319535,6.230988789246077,R
331,295642,17602,25353,14,Texas,8.575574512417045,5.953822528598779,R
332,296644,16388,24218,5,Virginia,8.163994552392767,5.524467037930988,R
333,258116,21295,10666,15,Texas,4.132250616002108,8.250166591764943,D
334,263757,22437,12149,16,Texas,4.6061336760730525,8.506693661210887,D
335,316771,23108,19026,17,Texas,6.006231631052085,7.294859693595689,R
336,295137,29830,20492,18,Texas,6.94321620128957,10.107170568244578,D
337,281821,20716,13910,19,Texas,4.935757094041962,7.350765202025399,R
338,285521,21733,11700,20,Texas,4.097772142854641,7.611699314586318,D
339,342924,13446,55130,22,Texas,16.076448425890284,3.9209854078454702,R
340,335887,14457,44764,24,Texas,13.327101078636565,4.304126090024323,R
341,347963,11334,56240,26,Texas,16.16263798162448,3.2572428677761716,R
342,245442,21794,12048,28,Texas,4.908695333317036,8.879490877681896,D
343,248904,16701,11791,2,West Virginia,4.737167743387008,6.709815832610163,R
344,365690,13936,37137,31,Texas,10.155322814405643,3.810878066121578,R
345,227342,26328,6644,3,West Virginia,2.922469231378276,11.580790175154613,R
346,245955,17904,13007,1,West Virginia,5.288365757963855,7.279380374458743,R
347,230255,22379,5588,34,Texas,2.4268745521269897,9.719224338233698,D
348,276889,14715,20089,36,Texas,7.255253910411754,5.3144039669325975,R
349,338310,16373,29994,2,Wisconsin,8.865833111643168,4.83964411338713,D
350,311259,13138,17638,8,Wisconsin,5.66666345390816,4.220922125946559,R
351,303251,12333,17590,6,Wisconsin,5.800475513683384,4.066928056296599,R
352,313108,13243,16713,7,Wisconsin,5.337774825299896,4.2295310244388515,R
353,285070,24346,13429,4,Wisconsin,4.71077279264742,8.540358508436524,D
354,283713,13822,54038,2,California,19.04671269910085,4.871824696083719,D
355,260084,16026,25565,3,California,9.829516617708125,6.161855400562895,D
356,273912,24455,9814,1,Arkansas,3.582902538041415,8.928049884634481,R
357,319147,24850,16807,2,Arkansas,5.266225281766709,7.786380570708795,R
358,277487,11376,36948,7,California,13.315218370590333,4.0996515152061175,D
359,242542,11119,23382,10,California,9.640392179498809,4.584360646815809,D
360,319041,19299,101520,12,California,31.820361646308783,6.049065794051549,D
361,254999,8844,76604,14,California,30.04090212118479,3.4682488950937063,D
362,262584,9399,79757,15,California,30.37389939981111,3.5794260122475094,D
363,331723,10461,43098,5,Arizona,12.992165149838872,3.1535347262625746,R
364,270566,11314,103130,17,California,38.11639304273264,4.181604488368827,D
365,259443,20336,9321,7,Arizona,3.592696661694476,7.838330577429339,D
366,227519,6976,60589,19,California,26.630303403232258,3.0661175550173834,D
367,338177,16236,54513,2,Colorado,16.119665145766863,4.801036143794522,D
368,238990,8710,36205,20,California,15.1491694213147,3.644503954140341,D
369,356768,19405,17613,4,Arizona,4.9368216880437705,5.439108888689568,R
370,262225,16413,23008,22,California,8.774144341691295,6.259128610925732,R
371,253591,15902,19257,23,California,7.5937237520259,6.270727273444247,R
372,263262,14258,38559,24,California,14.646625794835563,5.415897470960488,D
373,311517,20603,25895,3,Colorado,8.312547950834144,6.613764256846336,R
374,245868,14483,39171,27,California,15.931719459222021,5.890559161826671,D
375,215928,16238,14539,29,California,6.733262939498351,7.520099292356711,D
376,288840,19206,50388,30,California,17.44495222268384,6.649356044869132,D
377,294226,32085,8002,5,Florida,2.7196780705987913,10.90488264123497,D
378,343709,21117,15764,6,Florida,4.586437946053202,6.143860067673526,R
379,315398,16455,29791,7,Florida,9.445525970361258,5.217217610764812,D
380,209599,8543,15543,35,California,7.415588814832132,4.07587822460985,D
381,282688,17096,22566,36,California,7.982652252660176,6.047656780620331,D
382,299984,21149,26192,10,Florida,8.731132327057443,7.050042668942344,D
383,368996,23150,12187,11,Florida,3.302745829223081,6.273780745590738,R
384,337005,20506,25782,12,Florida,7.650331597454044,6.08477619026424,R
385,317360,22061,23041,13,Florida,7.260209226115452,6.951411646080161,D
386,250375,6021,35616,42,California,14.225062406390414,2.404792810783824,R
387,310815,16420,16773,15,Florida,5.396457699917957,5.282885317632675,R
388,204403,13876,10233,51,California,5.006286600490208,6.788550070204449,D
389,267641,14239,17178,25,Florida,6.418299139518982,5.320186369054069,R
390,262058,15025,17615,26,Florida,6.721794411924078,5.733463584397347,D
391,299723,21572,40383,27,Florida,13.473440476706825,7.197312184917407,D
392,321898,17880,21843,1,Florida,6.785689876917533,5.554554548335187,R
393,236190,13573,29959,2,Hawaii,12.68427960540243,5.746644650493247,D
394,291443,24300,14321,3,Louisiana,4.913825344921649,8.337822490161026,R
395,306682,14473,28293,1,Maine,9.225516985020315,4.719220560711095,D
396,312454,13185,39449,3,Kansas,12.625538479264147,4.21982115767441,D
397,276432,16956,10268,1,Kansas,3.714475892805464,6.1338774092724435,R
398,256496,11536,29454,11,Illinois,11.483220011228246,4.4975360239535895,D
399,285251,15274,20455,3,Georgia,7.170877577992715,5.3545824554515145,R
400,309675,21005,12101,7,Indiana,3.9076451118107696,6.782917574876887,D
401,282504,27216,14606,13,Illinois,5.170192280463286,9.63384589244754,R
402,268840,7293,42537,14,Illinois,15.822422258592471,2.7127659574468086,D
403,299713,10337,65894,6,Georgia,21.98569965266772,3.4489661776432787,D
404,291644,13641,37022,7,Georgia,12.694243666936401,4.677277777015814,R
405,275386,15385,14705,16,Illinois,5.339777621229837,5.586703754003471,R
406,284177,23521,8348,17,Illinois,2.937605787942022,8.276883773141387,D
407,286947,17577,18497,10,Georgia,6.446138137007879,6.125521437756798,R
408,310593,12225,39431,11,Georgia,12.695392362352017,3.9360191633423804,R
409,259762,28387,9503,2,Illinois,3.6583487962057575,10.928080319677242,D
410,321908,24314,17222,6,Kentucky,5.349975769474508,7.553089702647961,R
411,261414,36419,5296,5,Kentucky,2.0259052690368535,13.931541539473784,R
412,321139,21653,22232,3,Kentucky,6.922858948928657,6.742563189148624,D
413,233648,13329,17528,4,Illinois,7.501883174690132,5.704735328357187,D
414,321848,15395,62933,5,Illinois,19.55364022768512,4.783313862444384,D
415,278406,9739,57993,6,Illinois,20.830370035128553,3.4981286322852236,D
416,280819,25121,11048,4,Louisiana,3.9342067310260345,8.945619776439628,R
417,267586,31442,9717,5,Louisiana,3.631355900532913,11.750241044000807,R
418,323389,23649,28080,1,Louisiana,8.683041167139265,7.312864692367397,R
419,303986,21105,16978,9,Indiana,5.585125630785628,6.942753942615778,R
420,274137,30437,18408,1,Illinois,6.714890729817573,11.102842739214335,D
421,318625,13942,18048,1,Iowa,5.664338956453511,4.375676735974892,D
422,317583,17993,20070,2,Iowa,6.319607787570494,5.66560552674419,D
423,292270,21382,15109,1,Georgia,5.169535018989291,7.315838094912238,R
424,303914,16617,26059,2,Maryland,8.574465144744895,5.467665194759044,D
425,296588,11169,73075,8,Maryland,24.638555841773773,3.7658300403252998,D
426,296970,15740,44354,6,Maryland,14.93551537192309,5.30019867326666,D
427,295212,15196,38726,4,Maryland,13.118030432367249,5.147487229516416,D
428,311234,12613,22746,3,Missouri,7.308327496353226,4.052577803196309,R
429,288674,12709,15288,2,Michigan,5.295939364127008,4.402544046225153,R
430,297714,15159,18947,6,Missouri,6.36416157789019,5.091799512283601,R
431,320905,19373,14584,7,Missouri,4.5446471697231265,6.036989140088188,R
432,282817,24427,8871,5,Michigan,3.1366572730776436,8.63703384167147,D
433,287908,17508,15476,6,Michigan,5.375328229851203,6.081109243230476,R
434,291660,15750,31091,8,Michigan,10.66001508605911,5.400123431392718,D
